連番,氏名（カタカナ）,郵便番号,住所,,,,,address
1,アラヤヤスシ,338-0011,埼玉県,さいたま市中央区,新中里,4-15,,埼玉県さいたま市中央区新中里43936
2,フクナガヨシコ,356-0018,埼玉県,ふじみ野市,本新田,2001-10-14,,埼玉県ふじみ野市本新田37178
3,イシカワカノン,344-0058,埼玉県,春日部市,栄町,2002-10-4,栄町コート109,埼玉県春日部市栄町37533栄町コート109
4,オオクラタケル,235-0003,神奈川県,横浜市磯子区,坂下町,1-16-7,,神奈川県横浜市磯子区坂下町1-16-7
5,サクライアヤナ,343-0113,埼玉県,北葛飾郡松伏町,ゆめみ野,2003-1-19,,埼玉県北葛飾郡松伏町ゆめみ野37640
6,ヒラツカナオ,252-0173,神奈川県,相模原市緑区,小原,4-9,小原マンション309,神奈川県相模原市緑区小原43930小原マンション309
7,ヤマオカユキ,238-0224,神奈川県,三浦市,三崎町諸磯,2002-2-18,三崎町諸磯プレイス119,神奈川県三浦市三崎町諸磯37305三崎町諸磯プレイス119
8,アンドウシゲコ,162-0855,東京都,新宿区,二十騎町,2001-10-5,,東京都新宿区二十騎町37169
9,オオツカマサコ,350-1307,埼玉県,狭山市,祇園,3-12,,埼玉県狭山市祇園43902
10,タチカワミワコ,289-0328,千葉県,香取市,五郷内,2002-10-15,,千葉県香取市五郷内37544
11,ヤマモトアキノリ,290-0517,千葉県,市原市,矢田,2-13,,千葉県市原市矢田43874
12,アサノナノハ,368-0001,埼玉県,秩父市,黒谷,2003-2-4,,埼玉県秩父市黒谷37656
13,ソノダセイゴ,350-1175,埼玉県,川越市,笠幡,2004-4-15,笠幡ステージ213,埼玉県川越市笠幡38092笠幡ステージ213
14,イソノクレハ,156-0045,東京都,世田谷区,桜上水,3-8,桜上水ロイヤル110,東京都世田谷区桜上水43898桜上水ロイヤル110
15,ヤマノシロウ,243-0812,神奈川県,厚木市,妻田北,2-14,,神奈川県厚木市妻田北43875
16,ヒラタミツオ,299-4334,千葉県,長生郡長生村,薮塚,2-17,,千葉県長生郡長生村薮塚43878
17,タカギマコ,194-0005,東京都,町田市,南町田,3-18-4,ロイヤルパレス南町田314,東京都町田市南町田3-18-4ロイヤルパレス南町田314
18,キハラテツミ,290-0225,千葉県,市原市,牛久,3-19-5,,千葉県市原市牛久3-19-5
19,ミヨシシンヤ,162-0855,東京都,新宿区,二十騎町,1-8,,東京都新宿区二十騎町43838
20,フジタケンスケ,113-0024,東京都,文京区,西片,2001-5-16,,東京都文京区西片37027
21,カミヤマトキマサ,286-0811,千葉県,成田市,磯部,4-16,,千葉県成田市磯部43937
22,ウスイカツミ,289-0625,千葉県,千葉市,中央区,3-4,,千葉県千葉市中央区43894
23,ナカニシカズマ,161-0035,東京都,新宿区,中井,1-13-18,中井ロイヤル217,東京都新宿区中井1-13-18中井ロイヤル217
24,クロザキトシノブ,108-0073,東京都,港区,三田,2004-7-2,ヴィレッジ三田405,東京都港区三田38170ヴィレッジ三田405
25,ナカモリケイゾウ,220-0002,神奈川県,横浜市西区,南軽井沢,4-9,南軽井沢ヴィレッジ211,神奈川県横浜市西区南軽井沢43930南軽井沢ヴィレッジ211
26,マルヤマレイ,244-0813,神奈川県,横浜市戸塚区,舞岡町,2001-6-10,,神奈川県横浜市戸塚区舞岡町37052
27,イシクラスズコ,343-0822,埼玉県,越谷市,西方,4-20-15,ハウス西方409,埼玉県越谷市西方4-20-15ハウス西方409
28,フカヤハルヒコ,292-0811,千葉県,木更津市,草敷,2-19-3,,千葉県木更津市草敷2-19-3
29,エナリマサヤ,162-0855,東京都,新宿区,二十騎町,2-12,二十騎町マンション311,東京都新宿区二十騎町43873二十騎町マンション311
30,タカシマユズキ,340-0113,埼玉県,幸手市,幸手,2-13-2,,埼玉県幸手市幸手2-13-2