name元,連番,name元,name,住所1,住所2,住所3,住所4,住所5,address
user_,1,@example.com,user_1@example.com,東京都,千代田区,西神田,1-15-5,,東京都千代田区西神田1-15-5
user_,2,@example.com,user_2@example.com,千葉県,木更津市,西岩根,2002-7-18,西岩根メゾン209,千葉県木更津市西岩根37455西岩根メゾン209
user_,3,@example.com,user_3@example.com,神奈川県,横浜市戸塚区,柏尾町,2-14-1,,神奈川県横浜市戸塚区柏尾町2-14-1
user_,4,@example.com,user_4@example.com,千葉県,君津市,釜生,2001-1-14,,千葉県君津市釜生36905
user_,5,@example.com,user_5@example.com,東京都,港区,麻布十番,2003-12-9,ステージ麻布十番418,東京都港区麻布十番37964ステージ麻布十番418
user_,6,@example.com,user_6@example.com,神奈川県,横浜市都筑区,茅ケ崎中央,3-17-6,,神奈川県横浜市都筑区茅ケ崎中央3-17-6
user_,7,@example.com,user_7@example.com,千葉県,松戸市,小金きよしケ丘,2003-10-8,,千葉県松戸市小金きよしケ丘37902
user_,8,@example.com,user_8@example.com,埼玉県,入間郡毛呂山町,岩井東,1-13-13,,埼玉県入間郡毛呂山町岩井東1-13-13
user_,9,@example.com,user_9@example.com,埼玉県,入間郡毛呂山町,中央,4-19-12,,埼玉県入間郡毛呂山町中央4-19-12
user_,10,@example.com,user_10@example.com,神奈川県,鎌倉市,上町屋,2004-9-12,上町屋ガーデン303,神奈川県鎌倉市上町屋38242上町屋ガーデン303
user_,11,@example.com,user_11@example.com,神奈川県,足柄上郡中井町,岩倉,2003-9-3,,神奈川県足柄上郡中井町岩倉37867
user_,12,@example.com,user_12@example.com,埼玉県,所沢市,小手指町,2004-11-14,リバーサイド小手指町218,埼玉県所沢市小手指町38305リバーサイド小手指町218
user_,13,@example.com,user_13@example.com,千葉県,千葉市美浜区,真砂,1-20-6,,千葉県千葉市美浜区真砂1-20-6
user_,14,@example.com,user_14@example.com,東京都,町田市,根岸町,2003-8-9,プレシャス根岸町113,東京都町田市根岸町37842プレシャス根岸町113
user_,15,@example.com,user_15@example.com,埼玉県,入間市,扇台,2004-9-3,,埼玉県入間市扇台38233
user_,16,@example.com,user_16@example.com,埼玉県,富士見市,南畑新田,1-6,南畑新田マンション408,埼玉県富士見市南畑新田43836南畑新田マンション408
user_,17,@example.com,user_17@example.com,埼玉県,狭山市,鵜ノ木,2002-11-11,,埼玉県狭山市鵜ノ木37571
user_,18,@example.com,user_18@example.com,埼玉県,比企郡吉見町,久保田,2004-7-10,久保田ハウス403,埼玉県比企郡吉見町久保田38178久保田ハウス403
user_,19,@example.com,user_19@example.com,神奈川県,中郡大磯町,東町,3-17-20,東町アパート215,神奈川県中郡大磯町東町3-17-20東町アパート215
user_,20,@example.com,user_20@example.com,埼玉県,三郷市,市助,3-16-4,,埼玉県三郷市市助3-16-4
user_,21,@example.com,user_21@example.com,東京都,千代田区,神田練塀町,1-1,,東京都千代田区神田練塀町43831
user_,22,@example.com,user_22@example.com,埼玉県,入間郡毛呂山町,岩井,2002-3-1,,埼玉県入間郡毛呂山町岩井37316
user_,23,@example.com,user_23@example.com,神奈川県,川崎市川崎区,殿町,1-4,,神奈川県川崎市川崎区殿町43834
user_,24,@example.com,user_24@example.com,神奈川県,横浜市港南区,上大岡西,4-12,上大岡西タワー418,神奈川県横浜市港南区上大岡西43933上大岡西タワー418
user_,25,@example.com,user_25@example.com,千葉県,佐倉市,宮小路町,2002-2-10,宮小路町プラザ213,千葉県佐倉市宮小路町37297宮小路町プラザ213
user_,26,@example.com,user_26@example.com,神奈川県,足柄上郡中井町,岩倉,2004-5-17,ゴールデン岩倉119,神奈川県足柄上郡中井町岩倉38124ゴールデン岩倉119
user_,27,@example.com,user_27@example.com,埼玉県,行田市,下須戸,1-19-5,,埼玉県行田市下須戸1-19-5
user_,28,@example.com,user_28@example.com,埼玉県,日高市,高萩,2001-12-14,,埼玉県日高市高萩37239
user_,29,@example.com,user_29@example.com,千葉県,野田市,尾崎,2002-6-16,,千葉県野田市尾崎37423
user_,30,@example.com,user_30@example.com,千葉県,千葉市若葉区,千城台東,2002-8-19,キャッスル千城台東211,千葉県千葉市若葉区千城台東37487キャッスル千城台東211